Eid,Python,Machine Learning,Deep Learning,Data Analysis,Asp.Net,Ado.Net,VB.Net,C#,Java,Spring Boot,Hibernate,NLP,CV,JS,React,Node,Angular,Dart,Flutter,Vb.Net
1,1,1,1,1,1,1,0,1,1,0,0,1,1,3,3,3,3,0,0,1
2,1,1,1,1,4,4,0,4,1,1,1,3,3,1,1,1,1,1,1,4
3,4,4,4,4,1,1,0,1,2,2,2,1,1,3,3,3,3,1,1,1
4,3,3,3,3,4,4,0,4,1,1,1,1,1,1,1,1,1,2,2,4
5,1,1,1,1,1,1,0,1,3,3,3,1,1,2,2,2,2,4,4,1
6,2,2,2,2,1,1,0,1,3,3,3,4,4,1,1,1,1,1,1,1
7,1,0,0,0,1,1,0,1,1,0,0,4,4,1,1,1,1,1,1,1
8,1,0,0,0,4,4,0,4,2,2,2,1,1,1,1,1,1,1,1,4
9,1,1,1,1,1,1,0,1,1,1,1,2,2,4,4,4,4,0,0,1
10,3,3,3,3,0,0,0,1,1,1,1,0,0,2,2,2,2,1,1,0
11,3,3,3,3,0,0,0,1,1,1,1,1,1,4,4,4,4,2,2,0
12,1,1,1,1,1,1,0,1,3,3,3,1,1,1,1,1,1,1,1,1
13,1,1,1,1,0,0,0,1,4,4,4,1,1,2,2,2,2,1,1,0
14,1,1,1,1,0,0,0,1,1,1,1,1,1,3,3,3,3,1,1,0
15,1,1,1,1,1,1,0,1,3,3,3,1,1,1,1,1,1,2,2,1
16,3,3,3,3,1,1,0,1,2,2,2,1,1,4,4,4,4,1,1,1
17,2,2,2,2,0,0,0,1,1,1,1,4,4,1,1,1,1,1,1,0
18,1,1,1,1,4,4,0,4,1,1,1,1,1,3,3,3,3,2,2,4
19,3,3,3,3,1,1,0,1,4,4,4,1,1,2,2,2,2,1,1,1
20,1,1,1,1,2,2,0,2,1,1,1,4,4,1,1,1,1,3,3,2
21,4,4,4,4,2,2,0,2,1,1,1,1,1,1,1,1,1,3,3,2
22,1,1,1,1,0,0,0,1,4,4,4,1,1,3,3,3,3,1,1,0
23,4,4,4,4,2,2,0,2,3,3,3,1,1,1,1,1,1,1,1,2
24,1,1,1,1,1,1,0,1,2,2,2,1,1,1,1,1,1,4,4,1
25,4,4,4,4,3,3,0,3,1,1,1,2,2,1,1,1,1,1,1,3
26,1,0,0,0,1,1,0,1,1,1,1,2,2,3,3,3,3,1,1,1
27,1,1,1,1,1,1,0,1,1,1,1,4,4,1,1,1,1,3,3,1
28,2,2,2,2,0,0,0,1,1,1,1,3,3,1,1,1,1,4,4,0
29,2,2,2,2,1,1,0,1,4,4,4,1,1,3,3,3,3,1,1,1
30,1,1,1,1,2,2,0,2,4,4,4,3,3,1,1,1,1,1,1,2
31,2,2,2,2,1,1,0,1,1,1,1,4,4,1,1,1,1,3,3,1
32,4,4,4,4,1,1,0,1,3,3,3,2,2,1,0,0,0,1,1,1
33,1,1,1,1,1,1,0,1,1,1,1,3,3,2,2,2,2,4,4,1
34,4,4,4,4,3,3,0,3,1,0,0,2,2,1,1,1,1,1,1,3
35,1,0,0,0,1,1,0,1,4,4,4,1,1,1,1,1,1,0,0,1
36,1,1,1,1,1,1,0,1,3,3,3,2,2,1,0,0,0,1,1,1
37,1,1,1,1,1,1,0,1,3,3,3,4,4,1,1,1,1,1,1,1
38,1,1,1,1,1,1,0,1,1,1,1,3,3,4,4,4,4,2,2,1
39,1,1,1,1,3,3,0,3,2,2,2,4,4,1,1,1,1,1,1,3
40,1,0,0,0,2,2,0,2,1,1,1,3,3,4,4,4,4,1,1,2
41,4,4,4,4,1,1,0,1,1,1,1,1,1,1,1,1,1,3,3,1
42,1,1,1,1,2,2,0,2,1,0,0,3,3,1,1,1,1,4,4,2
43,1,1,1,1,1,1,0,1,1,1,1,2,2,3,3,3,3,1,1,1
44,2,2,2,2,1,1,0,1,1,1,1,1,1,4,4,4,4,3,3,1
45,1,1,1,1,1,1,0,1,4,4,4,1,1,3,3,3,3,2,2,1
46,3,3,3,3,1,1,0,1,1,1,1,2,2,1,1,1,1,1,1,1
47,2,2,2,2,3,3,0,3,1,1,1,1,1,4,4,4,4,1,1,3
48,2,2,2,2,1,1,0,1,3,3,3,0,0,4,4,4,4,0,0,1
49,1,0,0,0,1,1,0,1,1,1,1,1,1,3,3,3,3,1,1,1
50,1,1,1,1,1,1,0,1,1,1,1,3,3,1,1,1,1,1,1,1
51,2,2,2,2,1,1,0,1,1,1,1,4,4,3,3,3,3,0,0,1
52,1,1,1,1,1,1,0,1,2,2,2,3,3,1,1,1,1,4,4,1
53,1,1,1,1,1,1,0,1,1,1,1,2,2,4,4,4,4,3,3,1
54,1,1,1,1,2,2,0,2,1,1,1,4,4,1,1,1,1,3,3,2
55,1,1,1,1,1,1,0,1,3,3,3,4,4,1,1,1,1,2,2,1
56,2,2,2,2,1,1,0,1,1,1,1,1,1,1,1,1,1,0,0,1
57,1,1,1,1,1,1,0,1,4,4,4,2,2,1,1,1,1,1,1,1
58,1,1,1,1,1,1,0,1,2,2,2,4,4,1,1,1,1,3,3,1
59,2,2,2,2,1,1,0,1,3,3,3,1,1,4,4,4,4,1,1,1
60,4,4,4,4,1,1,0,1,1,1,1,1,1,2,2,2,2,3,3,1
61,1,0,0,0,3,3,0,3,1,1,1,4,4,1,0,0,0,2,2,3
62,1,1,1,1,1,1,0,1,1,1,1,0,0,2,2,2,2,1,1,1
63,1,1,1,1,3,3,0,3,1,1,1,1,1,4,4,4,4,2,2,3
64,4,4,4,4,0,0,0,1,1,1,1,1,1,1,1,1,1,1,1,0
65,4,4,4,4,3,3,0,3,2,2,2,0,0,1,1,1,1,1,1,3
66,3,3,3,3,4,4,0,4,1,1,1,0,0,2,2,2,2,1,1,4
67,1,1,1,1,2,2,0,2,1,1,1,3,3,1,1,1,1,4,4,2
68,1,0,0,0,1,1,0,1,2,2,2,0,0,1,1,1,1,3,3,1
69,1,1,1,1,4,4,0,4,1,1,1,1,1,2,2,2,2,1,1,4
70,1,0,0,0,2,2,0,2,1,1,1,1,1,1,1,1,1,1,1,2
71,1,1,1,1,0,0,0,1,1,0,0,4,4,2,2,2,2,3,3,0
72,2,2,2,2,3,3,0,3,1,1,1,4,4,1,1,1,1,1,1,3
73,2,2,2,2,3,3,0,3,4,4,4,0,0,1,1,1,1,1,1,3
74,1,1,1,1,2,2,0,2,3,3,3,1,1,1,1,1,1,4,4,2
75,3,3,3,3,2,2,0,2,1,1,1,1,1,4,4,4,4,1,1,2
76,2,2,2,2,1,1,0,1,1,1,1,1,1,4,4,4,4,3,3,1
77,4,4,4,4,3,3,0,3,1,1,1,1,1,1,1,1,1,2,2,3
78,3,3,3,3,0,0,0,1,2,2,2,1,1,1,0,0,0,1,1,0
79,1,1,1,1,1,1,0,1,3,3,3,4,4,1,1,1,1,2,2,1
80,1,1,1,1,0,0,0,1,3,3,3,4,4,1,1,1,1,0,0,0
81,3,3,3,3,1,1,0,1,1,1,1,4,4,2,2,2,2,1,1,1
82,1,1,1,1,0,0,0,1,2,2,2,1,1,1,1,1,1,0,0,0
83,3,3,3,3,2,2,0,2,1,1,1,4,4,1,1,1,1,1,1,2
84,1,1,1,1,0,0,0,1,1,1,1,2,2,1,1,1,1,0,0,0
85,1,1,1,1,1,1,0,1,3,3,3,2,2,1,1,1,1,4,4,1
86,1,1,1,1,3,3,0,3,4,4,4,1,1,1,1,1,1,1,1,3
87,1,1,1,1,3,3,0,3,1,1,1,1,1,2,2,2,2,0,0,3
88,2,2,2,2,1,1,0,1,3,3,3,1,1,4,4,4,4,0,0,1
89,1,1,1,1,1,1,0,1,2,2,2,4,4,1,1,1,1,1,1,1
90,3,3,3,3,1,1,0,1,1,1,1,1,1,4,4,4,4,2,2,1
91,2,2,2,2,1,1,0,1,4,4,4,1,1,3,3,3,3,1,1,1
92,3,3,3,3,1,1,0,1,1,1,1,4,4,2,2,2,2,1,1,1
93,1,1,1,1,1,1,0,1,2,2,2,3,3,4,4,4,4,1,1,1
94,1,1,1,1,4,4,0,4,1,1,1,1,1,2,2,2,2,3,3,4
95,2,2,2,2,4,4,0,4,1,1,1,3,3,1,1,1,1,1,1,4
96,2,2,2,2,1,1,0,1,1,1,1,1,1,4,4,4,4,1,1,1
97,2,2,2,2,1,1,0,1,1,0,0,4,4,3,3,3,3,1,1,1
98,1,1,1,1,0,0,0,1,1,1,1,4,4,3,3,3,3,2,2,0
99,1,1,1,1,1,1,0,1,2,2,2,3,3,1,1,1,1,4,4,1
100,1,1,1,1,3,3,0,3,2,2,2,1,1,1,1,1,1,4,4,3
101,4,4,4,4,1,1,0,1,3,3,3,1,1,1,1,1,1,2,2,1
102,1,1,1,1,1,1,0,1,4,4,4,3,3,1,1,1,1,2,2,1
103,1,1,1,1,1,1,0,1,4,4,4,3,3,1,1,1,1,1,1,1
104,3,3,3,3,1,1,0,1,1,0,0,1,1,1,0,0,0,1,1,1
105,1,1,1,1,2,2,0,2,1,1,1,4,4,1,1,1,1,3,3,2
106,1,1,1,1,2,2,0,2,1,1,1,3,3,1,1,1,1,1,1,2
107,4,4,4,4,2,2,0,2,1,1,1,1,1,3,3,3,3,1,1,2
108,1,1,1,1,1,1,0,1,3,3,3,1,1,1,1,1,1,1,1,1
109,1,1,1,1,1,1,0,1,4,4,4,2,2,3,3,3,3,0,0,1
110,4,4,4,4,1,1,0,1,1,1,1,3,3,2,2,2,2,1,1,1
111,1,1,1,1,2,2,0,2,1,1,1,3,3,1,1,1,1,4,4,2
112,1,1,1,1,2,2,0,2,1,1,1,1,1,1,1,1,1,4,4,2
113,2,2,2,2,1,1,0,1,3,3,3,4,4,1,1,1,1,1,1,1
114,1,0,0,0,0,0,0,1,1,1,1,4,4,1,1,1,1,1,1,0
115,2,2,2,2,4,4,0,4,1,1,1,1,1,1,1,1,1,3,3,4
116,4,4,4,4,3,3,0,3,1,0,0,1,1,1,0,0,0,2,2,3
117,3,3,3,3,1,1,0,1,2,2,2,1,1,1,1,1,1,4,4,1
118,2,2,2,2,1,1,0,1,1,1,1,1,1,4,4,4,4,3,3,1
119,1,1,1,1,1,1,0,1,3,3,3,0,0,1,1,1,1,4,4,1
120,2,2,2,2,1,1,0,1,1,1,1,1,1,1,1,1,1,4,4,1
121,3,3,3,3,1,1,0,1,1,1,1,1,1,1,1,1,1,1,1,1
122,2,2,2,2,1,1,0,1,1,1,1,1,1,1,1,1,1,3,3,1
123,4,4,4,4,1,1,0,1,1,1,1,1,1,2,2,2,2,1,1,1
124,1,1,1,1,1,1,0,1,2,2,2,1,1,1,1,1,1,3,3,1
125,4,4,4,4,0,0,0,1,1,0,0,1,1,1,0,0,0,1,1,0
126,1,1,1,1,1,1,0,1,3,3,3,1,1,4,4,4,4,2,2,1
127,2,2,2,2,4,4,0,4,1,1,1,1,1,1,1,1,1,1,1,4
128,4,4,4,4,1,1,0,1,2,2,2,3,3,1,1,1,1,1,1,1
129,3,3,3,3,1,1,0,1,4,4,4,1,1,1,1,1,1,2,2,1
130,3,3,3,3,1,1,0,1,1,1,1,1,1,1,0,0,0,4,4,1
131,1,1,1,1,3,3,0,3,1,0,0,4,4,1,1,1,1,1,1,3
132,1,1,1,1,1,1,0,1,1,1,1,4,4,2,2,2,2,1,1,1
133,1,1,1,1,1,1,0,1,4,4,4,2,2,1,1,1,1,3,3,1
134,1,1,1,1,1,1,0,1,1,1,1,1,1,4,4,4,4,1,1,1
135,4,4,4,4,1,1,0,1,3,3,3,0,0,1,1,1,1,1,1,1
136,1,1,1,1,2,2,0,2,4,4,4,0,0,3,3,3,3,0,0,2
137,3,3,3,3,0,0,0,1,1,0,0,1,1,2,2,2,2,1,1,0
138,2,2,2,2,1,1,0,1,1,1,1,4,4,3,3,3,3,1,1,1
139,1,1,1,1,1,1,0,1,1,1,1,1,1,1,1,1,1,0,0,1
140,2,2,2,2,1,1,0,1,1,1,1,3,3,1,0,0,0,4,4,1
141,1,0,0,0,0,0,0,1,4,4,4,2,2,3,3,3,3,1,1,0
142,1,1,1,1,4,4,0,4,2,2,2,1,1,1,1,1,1,3,3,4
143,1,1,1,1,4,4,0,4,1,1,1,1,1,3,3,3,3,2,2,4
144,1,1,1,1,1,1,0,1,3,3,3,2,2,1,1,1,1,4,4,1
145,3,3,3,3,1,1,0,1,1,0,0,4,4,1,0,0,0,2,2,1
146,1,1,1,1,1,1,0,1,1,0,0,3,3,2,2,2,2,4,4,1
147,4,4,4,4,0,0,0,1,1,1,1,3,3,1,1,1,1,1,1,0
148,1,1,1,1,1,1,0,1,1,1,1,0,0,3,3,3,3,0,0,1
149,1,0,0,0,1,1,0,1,3,3,3,2,2,1,0,0,0,1,1,1
150,1,1,1,1,1,1,0,1,3,3,3,1,1,2,2,2,2,4,4,1
151,2,2,2,2,1,1,0,1,1,1,1,1,1,3,3,3,3,4,4,1
152,1,1,1,1,3,3,0,3,4,4,4,0,0,1,1,1,1,2,2,3
153,1,1,1,1,1,1,0,1,3,3,3,1,1,2,2,2,2,4,4,1
154,3,3,3,3,2,2,0,2,4,4,4,1,1,1,1,1,1,0,0,2
155,1,1,1,1,2,2,0,2,4,4,4,3,3,1,0,0,0,1,1,2
156,1,0,0,0,0,0,0,1,1,1,1,3,3,2,2,2,2,4,4,0
157,2,2,2,2,4,4,0,4,1,0,0,3,3,1,0,0,0,1,1,4
158,1,1,1,1,2,2,0,2,1,1,1,1,1,4,4,4,4,3,3,2
159,3,3,3,3,0,0,0,1,4,4,4,2,2,1,1,1,1,1,1,0
160,3,3,3,3,1,1,0,1,1,1,1,2,2,1,1,1,1,1,1,1
161,1,1,1,1,2,2,0,2,1,1,1,1,1,1,1,1,1,4,4,2
162,3,3,3,3,1,1,0,1,1,1,1,2,2,1,1,1,1,1,1,1
163,2,2,2,2,1,1,0,1,1,1,1,4,4,1,1,1,1,3,3,1
164,1,1,1,1,1,1,0,1,3,3,3,0,0,4,4,4,4,1,1,1
165,1,1,1,1,2,2,0,2,4,4,4,3,3,1,1,1,1,1,1,2
166,1,1,1,1,1,1,0,1,3,3,3,0,0,2,2,2,2,1,1,1
167,1,1,1,1,1,1,0,1,3,3,3,4,4,2,2,2,2,1,1,1
168,3,3,3,3,1,1,0,1,4,4,4,2,2,1,1,1,1,1,1,1
169,2,2,2,2,1,1,0,1,1,1,1,4,4,1,1,1,1,1,1,1
170,1,1,1,1,2,2,0,2,1,1,1,3,3,1,1,1,1,1,1,2
171,3,3,3,3,1,1,0,1,4,4,4,1,1,2,2,2,2,1,1,1
172,1,1,1,1,3,3,0,3,1,1,1,1,1,2,2,2,2,1,1,3
173,2,2,2,2,0,0,0,1,1,1,1,4,4,1,1,1,1,0,0,0
174,2,2,2,2,4,4,0,4,1,1,1,3,3,1,1,1,1,1,1,4
175,1,0,0,0,2,2,0,2,1,1,1,1,1,3,3,3,3,4,4,2
176,1,1,1,1,0,0,0,1,1,1,1,1,1,4,4,4,4,1,1,0
177,2,2,2,2,1,1,0,1,4,4,4,3,3,1,1,1,1,1,1,1
178,2,2,2,2,0,0,0,1,1,1,1,3,3,1,0,0,0,1,1,0
179,3,3,3,3,4,4,0,4,1,1,1,1,1,1,0,0,0,1,1,4
180,1,1,1,1,3,3,0,3,1,1,1,0,0,4,4,4,4,2,2,3
181,1,1,1,1,1,1,0,1,2,2,2,3,3,4,4,4,4,1,1,1
182,2,2,2,2,3,3,0,3,1,1,1,4,4,1,1,1,1,0,0,3
183,4,4,4,4,1,1,0,1,1,1,1,3,3,2,2,2,2,0,0,1
184,4,4,4,4,1,1,0,1,1,1,1,3,3,2,2,2,2,1,1,1
185,1,1,1,1,1,1,0,1,4,4,4,1,1,1,1,1,1,1,1,1
186,1,1,1,1,2,2,0,2,1,1,1,3,3,4,4,4,4,1,1,2
187,2,2,2,2,1,1,0,1,1,1,1,1,1,1,1,1,1,0,0,1
188,4,4,4,4,1,1,0,1,1,1,1,1,1,2,2,2,2,3,3,1
189,1,1,1,1,4,4,0,4,1,1,1,1,1,2,2,2,2,3,3,4
190,3,3,3,3,4,4,0,4,1,1,1,2,2,1,1,1,1,1,1,4
191,1,1,1,1,3,3,0,3,1,1,1,2,2,4,4,4,4,1,1,3
192,1,1,1,1,3,3,0,3,4,4,4,1,1,1,1,1,1,2,2,3
193,2,2,2,2,3,3,0,3,4,4,4,1,1,1,1,1,1,1,1,3
194,1,1,1,1,4,4,0,4,3,3,3,1,1,1,0,0,0,1,1,4
195,1,1,1,1,3,3,0,3,2,2,2,1,1,4,4,4,4,1,1,3
196,3,3,3,3,0,0,0,1,1,0,0,2,2,1,1,1,1,4,4,0
197,1,1,1,1,3,3,0,3,1,1,1,4,4,2,2,2,2,1,1,3
198,3,3,3,3,1,1,0,1,1,0,0,4,4,1,0,0,0,1,1,1
199,1,1,1,1,1,1,0,1,1,1,1,1,1,2,2,2,2,1,1,1
200,1,1,1,1,1,1,0,1,1,1,1,2,2,4,4,4,4,1,1,1
201,2,2,2,2,1,1,0,1,3,3,3,1,1,1,1,1,1,4,4,1
202,1,1,1,1,2,2,0,2,3,3,3,1,1,1,1,1,1,4,4,2
203,1,1,1,1,4,4,0,4,3,3,3,2,2,1,0,0,0,1,1,4
204,1,1,1,1,2,2,0,2,4,4,4,3,3,1,1,1,1,1,1,2
205,3,3,3,3,1,1,0,1,1,1,1,1,1,1,0,0,0,1,1,1
206,4,4,4,4,3,3,0,3,1,1,1,1,1,1,1,1,1,1,1,3
207,1,1,1,1,4,4,0,4,1,1,1,1,1,1,1,1,1,1,1,4
208,4,4,4,4,1,1,0,1,1,1,1,1,1,2,2,2,2,3,3,1
209,1,1,1,1,1,1,0,1,1,1,1,4,4,3,3,3,3,2,2,1
210,1,1,1,1,1,1,0,1,1,1,1,3,3,2,2,2,2,1,1,1
211,1,1,1,1,1,1,0,1,2,2,2,3,3,4,4,4,4,0,0,1
212,4,4,4,4,2,2,0,2,1,1,1,3,3,1,1,1,1,1,1,2
213,1,1,1,1,4,4,0,4,2,2,2,1,1,3,3,3,3,1,1,4
214,1,1,1,1,1,1,0,1,4,4,4,3,3,2,2,2,2,0,0,1
215,4,4,4,4,2,2,0,2,1,0,0,1,1,1,1,1,1,0,0,2
216,1,1,1,1,2,2,0,2,3,3,3,4,4,1,1,1,1,0,0,2
217,1,1,1,1,2,2,0,2,3,3,3,1,1,4,4,4,4,1,1,2
218,1,1,1,1,4,4,0,4,2,2,2,1,1,1,1,1,1,1,1,4
219,1,1,1,1,1,1,0,1,1,1,1,4,4,2,2,2,2,3,3,1
220,1,1,1,1,3,3,0,3,2,2,2,4,4,1,1,1,1,1,1,3
221,4,4,4,4,1,1,0,1,2,2,2,1,1,3,3,3,3,1,1,1
222,4,4,4,4,3,3,0,3,1,1,1,1,1,2,2,2,2,1,1,3
223,1,1,1,1,2,2,0,2,1,0,0,1,1,3,3,3,3,4,4,2
224,1,0,0,0,3,3,0,3,1,0,0,1,1,1,1,1,1,4,4,3
225,3,3,3,3,1,1,0,1,1,1,1,2,2,1,1,1,1,1,1,1
226,4,4,4,4,1,1,0,1,1,1,1,1,1,3,3,3,3,2,2,1
227,1,1,1,1,3,3,0,3,4,4,4,2,2,1,1,1,1,1,1,3
228,2,2,2,2,4,4,0,4,3,3,3,1,1,1,1,1,1,1,1,4
229,2,2,2,2,0,0,0,1,1,1,1,0,0,1,1,1,1,1,1,0
230,1,1,1,1,2,2,0,2,1,1,1,1,1,1,1,1,1,3,3,2
231,1,1,1,1,1,1,0,1,2,2,2,1,1,3,3,3,3,4,4,1
232,3,3,3,3,1,1,0,1,4,4,4,1,1,2,2,2,2,1,1,1
233,4,4,4,4,1,1,0,1,2,2,2,1,1,1,1,1,1,3,3,1
234,1,1,1,1,2,2,0,2,1,1,1,3,3,4,4,4,4,0,0,2
235,1,1,1,1,1,1,0,1,4,4,4,1,1,1,1,1,1,1,1,1
236,2,2,2,2,1,1,0,1,3,3,3,1,1,1,1,1,1,1,1,1
237,1,1,1,1,1,1,0,1,1,0,0,1,1,1,1,1,1,1,1,1
238,1,1,1,1,2,2,0,2,4,4,4,1,1,1,1,1,1,3,3,2
239,4,4,4,4,1,1,0,1,1,1,1,3,3,1,1,1,1,2,2,1
240,1,1,1,1,4,4,0,4,1,1,1,2,2,1,1,1,1,3,3,4
241,3,3,3,3,4,4,0,4,1,1,1,2,2,1,1,1,1,1,1,4
242,1,1,1,1,1,1,0,1,1,1,1,1,1,3,3,3,3,4,4,1
243,2,2,2,2,1,1,0,1,1,1,1,4,4,1,1,1,1,3,3,1
244,1,1,1,1,1,1,0,1,3,3,3,1,1,2,2,2,2,4,4,1
245,3,3,3,3,2,2,0,2,4,4,4,1,1,1,1,1,1,1,1,2
246,4,4,4,4,1,1,0,1,2,2,2,3,3,1,1,1,1,1,1,1
247,3,3,3,3,0,0,0,1,1,1,1,4,4,1,0,0,0,2,2,0
248,1,1,1,1,1,1,0,1,1,1,1,3,3,1,1,1,1,1,1,1
249,1,1,1,1,1,1,0,1,1,1,1,4,4,2,2,2,2,1,1,1
250,4,4,4,4,2,2,0,2,1,1,1,1,1,1,0,0,0,3,3,2
251,4,4,4,4,1,1,0,1,1,1,1,1,1,3,3,3,3,2,2,1
252,3,3,3,3,2,2,0,2,1,1,1,1,1,1,1,1,1,4,4,2
253,1,1,1,1,1,1,0,1,3,3,3,1,1,2,2,2,2,1,1,1
254,2,2,2,2,4,4,0,4,3,3,3,1,1,1,1,1,1,1,1,4
255,4,4,4,4,3,3,0,3,1,1,1,0,0,1,1,1,1,2,2,3
256,1,0,0,0,4,4,0,4,2,2,2,1,1,1,1,1,1,1,1,4
257,1,1,1,1,1,1,0,1,1,1,1,1,1,3,3,3,3,1,1,1
258,3,3,3,3,4,4,0,4,1,1,1,1,1,2,2,2,2,1,1,4
259,3,3,3,3,2,2,0,2,1,1,1,4,4,1,0,0,0,1,1,2
260,3,3,3,3,1,1,0,1,1,1,1,1,1,4,4,4,4,2,2,1
261,2,2,2,2,1,1,0,1,1,1,1,4,4,1,1,1,1,1,1,1
262,1,1,1,1,1,1,0,1,1,1,1,4,4,3,3,3,3,2,2,1
263,1,1,1,1,4,4,0,4,1,1,1,3,3,2,2,2,2,1,1,4
264,2,2,2,2,1,1,0,1,1,1,1,4,4,1,1,1,1,3,3,1
265,1,1,1,1,1,1,0,1,3,3,3,2,2,1,1,1,1,4,4,1
266,4,4,4,4,1,1,0,1,1,1,1,1,1,2,2,2,2,3,3,1
267,4,4,4,4,3,3,0,3,1,1,1,1,1,1,1,1,1,1,1,3
268,4,4,4,4,1,1,0,1,1,1,1,2,2,3,3,3,3,1,1,1
269,1,1,1,1,4,4,0,4,1,1,1,1,1,3,3,3,3,2,2,4
270,1,1,1,1,4,4,0,4,1,1,1,1,1,1,0,0,0,0,0,4
271,1,1,1,1,4,4,0,4,2,2,2,3,3,1,1,1,1,1,1,4
272,1,1,1,1,4,4,0,4,1,1,1,0,0,3,3,3,3,0,0,4
273,1,1,1,1,4,4,0,4,2,2,2,1,1,3,3,3,3,1,1,4
274,1,1,1,1,3,3,0,3,1,1,1,2,2,1,1,1,1,1,1,3
275,1,0,0,0,4,4,0,4,1,1,1,1,1,1,1,1,1,1,1,4
276,3,3,3,3,4,4,0,4,1,1,1,1,1,1,1,1,1,2,2,4
277,1,1,1,1,1,1,0,1,3,3,3,4,4,1,1,1,1,2,2,1
278,4,4,4,4,1,1,0,1,2,2,2,1,1,1,0,0,0,3,3,1
279,4,4,4,4,1,1,0,1,3,3,3,2,2,1,1,1,1,1,1,1
280,1,1,1,1,3,3,0,3,1,1,1,4,4,1,0,0,0,1,1,3
281,1,1,1,1,1,1,0,1,4,4,4,3,3,1,0,0,0,2,2,1
282,2,2,2,2,1,1,0,1,4,4,4,1,1,1,1,1,1,3,3,1
283,1,1,1,1,1,1,0,1,3,3,3,4,4,1,1,1,1,1,1,1
284,2,2,2,2,1,1,0,1,1,1,1,1,1,1,1,1,1,3,3,1
285,2,2,2,2,0,0,0,1,1,0,0,1,1,4,4,4,4,3,3,0
286,2,2,2,2,0,0,0,1,1,1,1,1,1,4,4,4,4,0,0,0
287,4,4,4,4,1,1,0,1,3,3,3,2,2,1,0,0,0,1,1,1
288,1,1,1,1,2,2,0,2,1,1,1,4,4,3,3,3,3,1,1,2
289,3,3,3,3,2,2,0,2,1,1,1,1,1,4,4,4,4,1,1,2
290,1,0,0,0,1,1,0,1,1,0,0,3,3,1,1,1,1,1,1,1
291,1,1,1,1,2,2,0,2,4,4,4,1,1,3,3,3,3,1,1,2
292,1,1,1,1,4,4,0,4,1,1,1,1,1,1,1,1,1,2,2,4
293,1,1,1,1,4,4,0,4,1,1,1,3,3,2,2,2,2,1,1,4
294,4,4,4,4,1,1,0,1,3,3,3,1,1,1,1,1,1,2,2,1
295,1,0,0,0,0,0,0,1,1,0,0,2,2,4,4,4,4,1,1,0
296,2,2,2,2,1,1,0,1,1,0,0,1,1,1,1,1,1,1,1,1
297,1,1,1,1,3,3,0,3,1,1,1,2,2,1,1,1,1,4,4,3
298,2,2,2,2,4,4,0,4,3,3,3,1,1,1,1,1,1,1,1,4
299,1,1,1,1,1,1,0,1,3,3,3,2,2,1,1,1,1,4,4,1
300,1,1,1,1,1,1,0,1,3,3,3,2,2,1,0,0,0,1,1,1
301,1,1,1,1,1,1,0,1,1,1,1,1,1,3,3,3,3,4,4,1
302,1,1,1,1,1,1,0,1,2,2,2,3,3,4,4,4,4,1,1,1
303,1,1,1,1,1,1,0,1,1,1,1,4,4,2,2,2,2,3,3,1
304,3,3,3,3,4,4,0,4,1,0,0,1,1,2,2,2,2,0,0,4
305,4,4,4,4,1,1,0,1,3,3,3,1,1,1,1,1,1,2,2,1
306,4,4,4,4,1,1,0,1,1,1,1,2,2,1,1,1,1,3,3,1
307,1,1,1,1,1,1,0,1,1,1,1,0,0,3,3,3,3,0,0,1
308,1,1,1,1,1,1,0,1,4,4,4,1,1,1,1,1,1,1,1,1
309,1,1,1,1,1,1,0,1,1,1,1,2,2,1,1,1,1,3,3,1
310,1,0,0,0,2,2,0,2,1,1,1,1,1,3,3,3,3,1,1,2
311,1,1,1,1,1,1,0,1,1,0,0,4,4,2,2,2,2,0,0,1
312,1,1,1,1,1,1,0,1,4,4,4,1,1,2,2,2,2,1,1,1
313,4,4,4,4,1,1,0,1,1,1,1,1,1,3,3,3,3,1,1,1
314,1,1,1,1,1,1,0,1,3,3,3,1,1,4,4,4,4,2,2,1
315,1,1,1,1,2,2,0,2,3,3,3,1,1,1,1,1,1,4,4,2
316,3,3,3,3,2,2,0,2,1,1,1,0,0,1,1,1,1,1,1,2
317,1,1,1,1,1,1,0,1,3,3,3,1,1,4,4,4,4,2,2,1
318,4,4,4,4,1,1,0,1,3,3,3,1,1,2,2,2,2,1,1,1
319,1,1,1,1,1,1,0,1,4,4,4,1,1,3,3,3,3,2,2,1
320,1,1,1,1,1,1,0,1,4,4,4,2,2,1,1,1,1,3,3,1
321,4,4,4,4,3,3,0,3,1,1,1,1,1,1,1,1,1,2,2,3
322,1,0,0,0,0,0,0,1,3,3,3,2,2,4,4,4,4,0,0,0
323,2,2,2,2,4,4,0,4,3,3,3,1,1,1,1,1,1,1,1,4
324,1,1,1,1,1,1,0,1,4,4,4,1,1,1,1,1,1,2,2,1
325,1,1,1,1,2,2,0,2,1,0,0,1,1,1,0,0,0,1,1,2
326,1,1,1,1,2,2,0,2,1,1,1,0,0,3,3,3,3,4,4,2
327,2,2,2,2,1,1,0,1,3,3,3,4,4,1,1,1,1,1,1,1
328,3,3,3,3,1,1,0,1,4,4,4,1,1,1,1,1,1,2,2,1
329,1,1,1,1,1,1,0,1,2,2,2,3,3,4,4,4,4,1,1,1
330,1,1,1,1,0,0,0,1,1,1,1,4,4,2,2,2,2,1,1,0
331,2,2,2,2,1,1,0,1,4,4,4,1,1,1,1,1,1,3,3,1
332,4,4,4,4,0,0,0,1,1,1,1,2,2,3,3,3,3,1,1,0
333,1,1,1,1,1,1,0,1,1,1,1,2,2,1,1,1,1,4,4,1
334,2,2,2,2,1,1,0,1,3,3,3,1,1,1,1,1,1,4,4,1
335,1,1,1,1,4,4,0,4,2,2,2,1,1,3,3,3,3,1,1,4
336,3,3,3,3,1,1,0,1,1,0,0,1,1,4,4,4,4,2,2,1
337,2,2,2,2,1,1,0,1,1,1,1,4,4,1,1,1,1,3,3,1
338,1,1,1,1,3,3,0,3,1,1,1,1,1,2,2,2,2,4,4,3
339,1,1,1,1,3,3,0,3,1,1,1,4,4,1,1,1,1,2,2,3
340,1,1,1,1,1,1,0,1,2,2,2,4,4,3,3,3,3,0,0,1
341,1,0,0,0,0,0,0,1,1,1,1,3,3,1,0,0,0,1,1,0
342,1,1,1,1,4,4,0,4,3,3,3,1,1,1,1,1,1,1,1,4
343,2,2,2,2,0,0,0,1,3,3,3,4,4,1,1,1,1,1,1,0
344,1,1,1,1,1,1,0,1,1,1,1,1,1,4,4,4,4,3,3,1
345,1,1,1,1,1,1,0,1,3,3,3,4,4,1,1,1,1,2,2,1
346,1,1,1,1,1,1,0,1,2,2,2,1,1,1,1,1,1,4,4,1
347,3,3,3,3,1,1,0,1,4,4,4,2,2,1,1,1,1,1,1,1
348,1,1,1,1,3,3,0,3,1,1,1,4,4,2,2,2,2,1,1,3
349,3,3,3,3,1,1,0,1,1,0,0,2,2,1,1,1,1,4,4,1
350,1,1,1,1,1,1,0,1,3,3,3,0,0,1,1,1,1,4,4,1
351,2,2,2,2,1,1,0,1,1,1,1,3,3,4,4,4,4,0,0,1
352,3,3,3,3,1,1,0,1,4,4,4,2,2,1,1,1,1,1,1,1
353,3,3,3,3,2,2,0,2,4,4,4,0,0,1,1,1,1,0,0,2
354,1,1,1,1,2,2,0,2,3,3,3,1,1,4,4,4,4,0,0,2
355,3,3,3,3,1,1,0,1,1,1,1,4,4,1,1,1,1,2,2,1
356,2,2,2,2,1,1,0,1,1,0,0,1,1,3,3,3,3,1,1,1
357,1,0,0,0,1,1,0,1,1,0,0,1,1,2,2,2,2,3,3,1
358,2,2,2,2,0,0,0,1,3,3,3,1,1,1,1,1,1,4,4,0
359,1,1,1,1,4,4,0,4,1,1,1,3,3,2,2,2,2,0,0,4
360,1,1,1,1,2,2,0,2,1,1,1,4,4,3,3,3,3,0,0,2
361,2,2,2,2,1,1,0,1,4,4,4,1,1,3,3,3,3,1,1,1
362,1,1,1,1,4,4,0,4,1,1,1,2,2,1,1,1,1,3,3,4
363,1,0,0,0,0,0,0,1,1,0,0,4,4,3,3,3,3,2,2,0
364,1,1,1,1,3,3,0,3,2,2,2,1,1,4,4,4,4,1,1,3
365,1,1,1,1,3,3,0,3,2,2,2,4,4,1,1,1,1,1,1,3
366,1,1,1,1,4,4,0,4,1,1,1,1,1,1,1,1,1,1,1,4
367,1,1,1,1,1,1,0,1,3,3,3,1,1,4,4,4,4,2,2,1
368,3,3,3,3,1,1,0,1,1,1,1,4,4,1,1,1,1,0,0,1
369,1,1,1,1,1,1,0,1,1,0,0,3,3,2,2,2,2,1,1,1
370,3,3,3,3,1,1,0,1,4,4,4,1,1,2,2,2,2,1,1,1
371,1,0,0,0,1,1,0,1,1,0,0,4,4,1,1,1,1,2,2,1
372,3,3,3,3,1,1,0,1,1,1,1,1,1,4,4,4,4,1,1,1
373,1,1,1,1,3,3,0,3,2,2,2,1,1,1,1,1,1,4,4,3
374,2,2,2,2,0,0,0,1,1,1,1,4,4,1,1,1,1,1,1,0
375,1,1,1,1,4,4,0,4,1,1,1,3,3,1,0,0,0,2,2,4
376,1,1,1,1,2,2,0,2,4,4,4,1,1,1,0,0,0,1,1,2
377,4,4,4,4,1,1,0,1,1,0,0,3,3,1,1,1,1,2,2,1
378,1,1,1,1,4,4,0,4,3,3,3,1,1,1,1,1,1,2,2,4
379,1,1,1,1,4,4,0,4,1,1,1,1,1,1,1,1,1,1,1,4
380,3,3,3,3,1,1,0,1,4,4,4,2,2,1,1,1,1,1,1,1
381,1,1,1,1,3,3,0,3,1,1,1,1,1,1,1,1,1,4,4,3
382,1,1,1,1,1,1,0,1,3,3,3,2,2,1,1,1,1,4,4,1
383,1,1,1,1,2,2,0,2,1,1,1,1,1,3,3,3,3,1,1,2
384,2,2,2,2,1,1,0,1,4,4,4,1,1,3,3,3,3,1,1,1
385,2,2,2,2,1,1,0,1,1,0,0,1,1,1,1,1,1,1,1,1
386,1,0,0,0,4,4,0,4,1,1,1,3,3,2,2,2,2,1,1,4
387,1,1,1,1,3,3,0,3,4,4,4,1,1,1,1,1,1,2,2,3
388,2,2,2,2,3,3,0,3,1,1,1,4,4,1,1,1,1,1,1,3
389,4,4,4,4,1,1,0,1,2,2,2,1,1,3,3,3,3,1,1,1
390,1,1,1,1,1,1,0,1,1,1,1,1,1,1,1,1,1,1,1,1
391,4,4,4,4,2,2,0,2,1,1,1,3,3,1,1,1,1,1,1,2
392,1,0,0,0,0,0,0,1,1,0,0,1,1,4,4,4,4,1,1,0
393,2,2,2,2,1,1,0,1,1,1,1,1,1,3,3,3,3,1,1,1
394,3,3,3,3,1,1,0,1,1,1,1,4,4,2,2,2,2,1,1,1
395,4,4,4,4,1,1,0,1,1,1,1,1,1,3,3,3,3,2,2,1
396,1,0,0,0,1,1,0,1,1,1,1,2,2,1,1,1,1,3,3,1
397,1,1,1,1,1,1,0,1,2,2,2,1,1,1,1,1,1,1,1,1
398,3,3,3,3,1,1,0,1,4,4,4,1,1,2,2,2,2,1,1,1
399,2,2,2,2,0,0,0,1,1,1,1,4,4,3,3,3,3,0,0,0
400,4,4,4,4,2,2,0,2,1,0,0,0,0,1,1,1,1,3,3,2
401,1,1,1,1,1,1,0,1,1,1,1,4,4,1,1,1,1,1,1,1
402,3,3,3,3,1,1,0,1,4,4,4,2,2,1,1,1,1,1,1,1
403,3,3,3,3,1,1,0,1,4,4,4,1,1,1,1,1,1,2,2,1
404,1,1,1,1,1,1,0,1,1,1,1,3,3,4,4,4,4,2,2,1
405,1,1,1,1,3,3,0,3,2,2,2,1,1,1,0,0,0,4,4,3
406,4,4,4,4,1,1,0,1,2,2,2,3,3,1,1,1,1,1,1,1
407,2,2,2,2,4,4,0,4,1,1,1,3,3,1,1,1,1,1,1,4
408,4,4,4,4,1,1,0,1,1,1,1,2,2,1,1,1,1,0,0,1
409,1,1,1,1,0,0,0,1,2,2,2,4,4,1,1,1,1,3,3,0
410,1,1,1,1,2,2,0,2,1,1,1,1,1,3,3,3,3,0,0,2
411,1,1,1,1,1,1,0,1,3,3,3,4,4,1,1,1,1,1,1,1
412,2,2,2,2,1,1,0,1,3,3,3,1,1,1,1,1,1,0,0,1
413,1,1,1,1,4,4,0,4,2,2,2,1,1,1,1,1,1,3,3,4
414,1,1,1,1,1,1,0,1,1,1,1,1,1,4,4,4,4,3,3,1
415,1,1,1,1,2,2,0,2,4,4,4,1,1,1,1,1,1,3,3,2
416,1,1,1,1,1,1,0,1,2,2,2,1,1,1,1,1,1,3,3,1
417,1,1,1,1,1,1,0,1,1,1,1,3,3,1,0,0,0,0,0,1
418,2,2,2,2,4,4,0,4,1,1,1,1,1,3,3,3,3,1,1,4
419,4,4,4,4,1,1,0,1,2,2,2,3,3,1,1,1,1,1,1,1
420,4,4,4,4,1,1,0,1,3,3,3,1,1,2,2,2,2,1,1,1
421,1,1,1,1,3,3,0,3,4,4,4,1,1,1,1,1,1,2,2,3
422,1,1,1,1,2,2,0,2,1,1,1,1,1,1,1,1,1,1,1,2
423,2,2,2,2,1,1,0,1,1,1,1,1,1,1,0,0,0,1,1,1
424,1,1,1,1,0,0,0,1,1,1,1,1,1,1,1,1,1,1,1,0
425,2,2,2,2,1,1,0,1,1,1,1,1,1,4,4,4,4,3,3,1
426,2,2,2,2,1,1,0,1,3,3,3,1,1,4,4,4,4,1,1,1
427,3,3,3,3,4,4,0,4,1,1,1,1,1,2,2,2,2,1,1,4
428,1,1,1,1,1,1,0,1,2,2,2,4,4,3,3,3,3,0,0,1
429,3,3,3,3,0,0,0,1,1,0,0,4,4,1,1,1,1,1,1,0
430,4,4,4,4,1,1,0,1,1,1,1,1,1,2,2,2,2,3,3,1
431,1,1,1,1,1,1,0,1,1,1,1,4,4,2,2,2,2,1,1,1
432,1,1,1,1,1,1,0,1,4,4,4,2,2,3,3,3,3,1,1,1
433,1,1,1,1,1,1,0,1,2,2,2,1,1,4,4,4,4,3,3,1
434,2,2,2,2,1,1,0,1,4,4,4,1,1,1,1,1,1,3,3,1
435,2,2,2,2,1,1,0,1,4,4,4,3,3,1,0,0,0,0,0,1
436,1,1,1,1,1,1,0,1,2,2,2,4,4,1,1,1,1,3,3,1
437,1,1,1,1,3,3,0,3,1,1,1,0,0,4,4,4,4,1,1,3
438,1,1,1,1,1,1,0,1,1,1,1,4,4,2,2,2,2,1,1,1
439,3,3,3,3,1,1,0,1,4,4,4,2,2,1,1,1,1,0,0,1
440,1,1,1,1,2,2,0,2,4,4,4,3,3,1,1,1,1,1,1,2
441,2,2,2,2,3,3,0,3,1,1,1,1,1,4,4,4,4,0,0,3
442,1,1,1,1,2,2,0,2,1,1,1,4,4,3,3,3,3,1,1,2
443,1,0,0,0,0,0,0,1,1,1,1,2,2,4,4,4,4,0,0,0
444,1,1,1,1,2,2,0,2,1,1,1,1,1,3,3,3,3,4,4,2
445,1,0,0,0,4,4,0,4,3,3,3,1,1,1,1,1,1,0,0,4
446,1,0,0,0,4,4,0,4,1,1,1,1,1,1,1,1,1,2,2,4
447,1,1,1,1,4,4,0,4,1,1,1,1,1,2,2,2,2,3,3,4
448,1,1,1,1,4,4,0,4,1,1,1,2,2,1,1,1,1,3,3,4
449,1,1,1,1,1,1,0,1,1,1,1,4,4,2,2,2,2,3,3,1
450,1,1,1,1,4,4,0,4,2,2,2,3,3,1,1,1,1,1,1,4
451,1,1,1,1,1,1,0,1,2,2,2,1,1,3,3,3,3,4,4,1
452,1,1,1,1,1,1,0,1,3,3,3,1,1,1,1,1,1,4,4,1
453,3,3,3,3,1,1,0,1,1,1,1,1,1,2,2,2,2,4,4,1
454,1,1,1,1,2,2,0,2,1,1,1,1,1,1,1,1,1,0,0,2
455,3,3,3,3,2,2,0,2,4,4,4,1,1,1,1,1,1,1,1,2
456,3,3,3,3,2,2,0,2,4,4,4,1,1,1,1,1,1,1,1,2
457,3,3,3,3,1,1,0,1,1,1,1,2,2,1,1,1,1,4,4,1
458,1,1,1,1,4,4,0,4,1,1,1,2,2,1,1,1,1,3,3,4
459,1,1,1,1,1,1,0,1,4,4,4,3,3,2,2,2,2,1,1,1
460,1,1,1,1,1,1,0,1,1,0,0,0,0,2,2,2,2,1,1,1
461,1,0,0,0,1,1,0,1,1,1,1,3,3,1,1,1,1,2,2,1
462,4,4,4,4,1,1,0,1,1,1,1,2,2,1,1,1,1,1,1,1
463,3,3,3,3,1,1,0,1,1,1,1,4,4,1,1,1,1,2,2,1
464,2,2,2,2,1,1,0,1,4,4,4,3,3,1,1,1,1,1,1,1
465,3,3,3,3,1,1,0,1,1,0,0,2,2,1,1,1,1,1,1,1
466,4,4,4,4,0,0,0,1,1,0,0,3,3,2,2,2,2,1,1,0
467,3,3,3,3,1,1,0,1,1,1,1,1,1,2,2,2,2,4,4,1
468,1,0,0,0,3,3,0,3,1,1,1,2,2,1,1,1,1,4,4,3
469,4,4,4,4,2,2,0,2,1,1,1,1,1,3,3,3,3,0,0,2
470,2,2,2,2,1,1,0,1,1,1,1,3,3,1,1,1,1,1,1,1
471,4,4,4,4,0,0,0,1,2,2,2,3,3,1,1,1,1,1,1,0
472,1,1,1,1,3,3,0,3,1,1,1,1,1,4,4,4,4,2,2,3
473,4,4,4,4,2,2,0,2,1,1,1,1,1,1,1,1,1,0,0,2
474,3,3,3,3,4,4,0,4,1,0,0,1,1,1,1,1,1,2,2,4
475,1,1,1,1,2,2,0,2,4,4,4,1,1,1,1,1,1,3,3,2
476,2,2,2,2,1,1,0,1,1,1,1,3,3,1,1,1,1,4,4,1
477,2,2,2,2,0,0,0,1,1,0,0,1,1,3,3,3,3,4,4,0
478,1,1,1,1,1,1,0,1,1,1,1,0,0,4,4,4,4,2,2,1
479,1,1,1,1,1,1,0,1,2,2,2,1,1,3,3,3,3,4,4,1
480,1,1,1,1,1,1,0,1,3,3,3,4,4,1,1,1,1,2,2,1
481,3,3,3,3,2,2,0,2,1,1,1,4,4,1,1,1,1,1,1,2
482,3,3,3,3,0,0,0,1,1,1,1,0,0,4,4,4,4,0,0,0
483,4,4,4,4,0,0,0,1,1,1,1,2,2,3,3,3,3,1,1,0
484,1,1,1,1,1,1,0,1,1,1,1,3,3,4,4,4,4,1,1,1
485,1,1,1,1,4,4,0,4,3,3,3,1,1,2,2,2,2,1,1,4
486,1,1,1,1,1,1,0,1,1,1,1,2,2,4,4,4,4,3,3,1
487,1,1,1,1,0,0,0,1,4,4,4,2,2,1,1,1,1,1,1,0
488,1,1,1,1,1,1,0,1,1,1,1,1,1,2,2,2,2,3,3,1
489,1,1,1,1,1,1,0,1,1,1,1,1,1,1,0,0,0,4,4,1
490,1,1,1,1,4,4,0,4,1,0,0,1,1,1,1,1,1,1,1,4
491,1,1,1,1,1,1,0,1,1,0,0,4,4,1,1,1,1,2,2,1
492,3,3,3,3,1,1,0,1,4,4,4,2,2,1,1,1,1,1,1,1
493,1,1,1,1,1,1,0,1,1,1,1,1,1,4,4,4,4,1,1,1
494,1,0,0,0,1,1,0,1,1,1,1,2,2,1,1,1,1,0,0,1
495,3,3,3,3,1,1,0,1,1,1,1,1,1,2,2,2,2,1,1,1
496,2,2,2,2,1,1,0,1,1,1,1,1,1,4,4,4,4,3,3,1
497,3,3,3,3,4,4,0,4,1,1,1,2,2,1,1,1,1,1,1,4
498,2,2,2,2,0,0,0,1,1,0,0,3,3,4,4,4,4,1,1,0
499,2,2,2,2,1,1,0,1,1,1,1,4,4,3,3,3,3,1,1,1
500,1,1,1,1,4,4,0,4,3,3,3,2,2,1,1,1,1,1,1,4
501,1,1,1,1,1,1,0,1,4,4,4,3,3,2,2,2,2,1,1,1
502,1,1,1,1,3,3,0,3,4,4,4,1,1,2,2,2,2,0,0,3
503,4,4,4,4,0,0,0,1,1,1,1,2,2,1,1,1,1,3,3,0
504,2,2,2,2,1,1,0,1,1,1,1,1,1,1,1,1,1,3,3,1
505,1,1,1,1,1,1,0,1,2,2,2,4,4,3,3,3,3,1,1,1
506,1,1,1,1,3,3,0,3,1,1,1,4,4,2,2,2,2,1,1,3
507,4,4,4,4,3,3,0,3,1,1,1,1,1,2,2,2,2,1,1,3
508,4,4,4,4,1,1,0,1,3,3,3,1,1,1,1,1,1,2,2,1
509,1,1,1,1,3,3,0,3,1,1,1,0,0,2,2,2,2,0,0,3
510,1,1,1,1,1,1,0,1,3,3,3,1,1,4,4,4,4,2,2,1
511,1,1,1,1,1,1,0,1,3,3,3,4,4,1,1,1,1,2,2,1
512,3,3,3,3,4,4,0,4,1,1,1,1,1,2,2,2,2,1,1,4
513,1,1,1,1,1,1,0,1,1,0,0,4,4,1,1,1,1,1,1,1
514,1,1,1,1,2,2,0,2,1,1,1,4,4,3,3,3,3,1,1,2
515,1,1,1,1,1,1,0,1,1,1,1,1,1,1,1,1,1,4,4,1
516,4,4,4,4,3,3,0,3,1,1,1,2,2,1,1,1,1,1,1,3
517,1,1,1,1,4,4,0,4,1,1,1,1,1,1,1,1,1,1,1,4
518,3,3,3,3,1,1,0,1,2,2,2,4,4,1,1,1,1,1,1,1
519,1,1,1,1,1,1,0,1,1,0,0,3,3,4,4,4,4,2,2,1
520,3,3,3,3,4,4,0,4,1,1,1,1,1,2,2,2,2,1,1,4
521,2,2,2,2,1,1,0,1,3,3,3,1,1,1,1,1,1,0,0,1
522,4,4,4,4,3,3,0,3,1,1,1,1,1,2,2,2,2,1,1,3
523,2,2,2,2,1,1,0,1,1,1,1,1,1,1,1,1,1,4,4,1
524,1,1,1,1,4,4,0,4,1,1,1,1,1,3,3,3,3,1,1,4
525,2,2,2,2,4,4,0,4,1,1,1,1,1,1,1,1,1,3,3,4
526,4,4,4,4,1,1,0,1,1,1,1,1,1,3,3,3,3,0,0,1
527,1,1,1,1,2,2,0,2,1,1,1,3,3,1,1,1,1,4,4,2
528,1,1,1,1,2,2,0,2,4,4,4,1,1,3,3,3,3,1,1,2
529,1,1,1,1,3,3,0,3,4,4,4,1,1,2,2,2,2,1,1,3
530,1,1,1,1,1,1,0,1,2,2,2,1,1,3,3,3,3,4,4,1
531,1,0,0,0,2,2,0,2,1,0,0,3,3,1,1,1,1,4,4,2
532,2,2,2,2,4,4,0,4,1,1,1,1,1,1,1,1,1,1,1,4
533,1,1,1,1,1,1,0,1,4,4,4,2,2,3,3,3,3,1,1,1
534,3,3,3,3,2,2,0,2,4,4,4,1,1,1,1,1,1,1,1,2
535,2,2,2,2,1,1,0,1,1,1,1,1,1,1,1,1,1,0,0,1
536,1,1,1,1,2,2,0,2,4,4,4,0,0,3,3,3,3,1,1,2
537,4,4,4,4,1,1,0,1,2,2,2,1,1,3,3,3,3,1,1,1
538,1,1,1,1,1,1,0,1,1,1,1,1,1,4,4,4,4,2,2,1
539,1,0,0,0,4,4,0,4,1,1,1,3,3,1,1,1,1,1,1,4
540,1,1,1,1,0,0,0,1,1,1,1,2,2,1,0,0,0,3,3,0
541,2,2,2,2,4,4,0,4,3,3,3,1,1,1,1,1,1,1,1,4
542,2,2,2,2,3,3,0,3,1,1,1,4,4,1,1,1,1,1,1,3
543,1,1,1,1,1,1,0,1,2,2,2,1,1,4,4,4,4,0,0,1
544,1,1,1,1,1,1,0,1,4,4,4,3,3,2,2,2,2,1,1,1
545,3,3,3,3,1,1,0,1,1,1,1,4,4,1,1,1,1,2,2,1
546,4,4,4,4,1,1,0,1,1,1,1,3,3,1,1,1,1,1,1,1
547,4,4,4,4,3,3,0,3,1,1,1,1,1,1,1,1,1,2,2,3
548,1,1,1,1,1,1,0,1,1,1,1,4,4,2,2,2,2,1,1,1
549,1,1,1,1,0,0,0,1,1,0,0,0,0,2,2,2,2,1,1,0
550,1,1,1,1,4,4,0,4,3,3,3,1,1,1,1,1,1,2,2,4
551,3,3,3,3,4,4,0,4,2,2,2,1,1,1,1,1,1,1,1,4
552,1,1,1,1,3,3,0,3,1,1,1,1,1,4,4,4,4,1,1,3
553,1,1,1,1,1,1,0,1,3,3,3,4,4,1,1,1,1,1,1,1
554,4,4,4,4,1,1,0,1,2,2,2,3,3,1,1,1,1,1,1,1
555,4,4,4,4,1,1,0,1,1,0,0,2,2,3,3,3,3,1,1,1
556,1,1,1,1,2,2,0,2,1,1,1,3,3,1,1,1,1,4,4,2
557,1,1,1,1,1,1,0,1,2,2,2,4,4,1,1,1,1,3,3,1
558,2,2,2,2,1,1,0,1,1,1,1,1,1,4,4,4,4,3,3,1
559,2,2,2,2,4,4,0,4,1,1,1,1,1,3,3,3,3,1,1,4
560,1,1,1,1,3,3,0,3,4,4,4,1,1,1,1,1,1,2,2,3
561,2,2,2,2,1,1,0,1,1,1,1,4,4,1,0,0,0,1,1,1
562,4,4,4,4,1,1,0,1,1,1,1,1,1,3,3,3,3,2,2,1
563,1,1,1,1,1,1,0,1,4,4,4,3,3,1,1,1,1,1,1,1
564,3,3,3,3,1,1,0,1,1,1,1,1,1,1,1,1,1,2,2,1
565,1,1,1,1,1,1,0,1,1,1,1,1,1,2,2,2,2,3,3,1
566,3,3,3,3,1,1,0,1,4,4,4,1,1,2,2,2,2,1,1,1
567,4,4,4,4,0,0,0,1,2,2,2,1,1,1,1,1,1,3,3,0
568,3,3,3,3,1,1,0,1,4,4,4,1,1,2,2,2,2,1,1,1
569,3,3,3,3,1,1,0,1,1,1,1,2,2,4,4,4,4,1,1,1
570,3,3,3,3,1,1,0,1,1,1,1,1,1,2,2,2,2,1,1,1
571,1,1,1,1,1,1,0,1,1,1,1,1,1,1,0,0,0,1,1,1
572,1,1,1,1,1,1,0,1,1,1,1,3,3,1,1,1,1,0,0,1
573,4,4,4,4,1,1,0,1,1,1,1,2,2,1,1,1,1,0,0,1
574,1,1,1,1,3,3,0,3,2,2,2,1,1,1,1,1,1,4,4,3
575,3,3,3,3,1,1,0,1,2,2,2,4,4,1,1,1,1,1,1,1
576,2,2,2,2,3,3,0,3,1,1,1,1,1,4,4,4,4,1,1,3
577,1,0,0,0,1,1,0,1,1,0,0,2,2,1,1,1,1,1,1,1
578,3,3,3,3,1,1,0,1,1,1,1,4,4,2,2,2,2,1,1,1
579,3,3,3,3,1,1,0,1,1,1,1,4,4,1,0,0,0,2,2,1
580,1,1,1,1,1,1,0,1,2,2,2,1,1,1,1,1,1,1,1,1
581,3,3,3,3,1,1,0,1,1,1,1,1,1,4,4,4,4,2,2,1
582,3,3,3,3,0,0,0,1,1,1,1,1,1,2,2,2,2,1,1,0
583,2,2,2,2,1,1,0,1,1,1,1,4,4,3,3,3,3,1,1,1
584,2,2,2,2,1,1,0,1,1,1,1,1,1,3,3,3,3,1,1,1
585,1,0,0,0,2,2,0,2,3,3,3,1,1,4,4,4,4,1,1,2
586,2,2,2,2,1,1,0,1,1,1,1,4,4,3,3,3,3,1,1,1
587,1,1,1,1,1,1,0,1,4,4,4,3,3,1,1,1,1,1,1,1
588,2,2,2,2,1,1,0,1,3,3,3,1,1,1,1,1,1,4,4,1
589,3,3,3,3,1,1,0,1,4,4,4,1,1,1,1,1,1,2,2,1
590,1,0,0,0,0,0,0,1,1,1,1,1,1,3,3,3,3,1,1,0
591,2,2,2,2,3,3,0,3,4,4,4,1,1,1,1,1,1,1,1,3
592,2,2,2,2,1,1,0,1,3,3,3,4,4,1,1,1,1,1,1,1
593,4,4,4,4,1,1,0,1,3,3,3,1,1,1,0,0,0,2,2,1
594,1,1,1,1,4,4,0,4,1,1,1,1,1,2,2,2,2,3,3,4
595,3,3,3,3,1,1,0,1,1,1,1,1,1,1,0,0,0,4,4,1
596,4,4,4,4,1,1,0,1,2,2,2,3,3,1,1,1,1,1,1,1
597,1,1,1,1,1,1,0,1,1,0,0,4,4,1,1,1,1,2,2,1
598,3,3,3,3,1,1,0,1,2,2,2,1,1,4,4,4,4,1,1,1
599,1,1,1,1,4,4,0,4,2,2,2,1,1,3,3,3,3,1,1,4
600,1,1,1,1,1,1,0,1,4,4,4,1,1,2,2,2,2,1,1,1
601,1,1,1,1,1,1,0,1,1,1,1,1,1,3,3,3,3,0,0,1
602,1,1,1,1,0,0,0,1,1,1,1,3,3,1,1,1,1,1,1,0
603,1,1,1,1,1,1,0,1,4,4,4,1,1,2,2,2,2,3,3,1
604,1,1,1,1,0,0,0,1,2,2,2,1,1,1,1,1,1,4,4,0
605,3,3,3,3,1,1,0,1,1,1,1,2,2,4,4,4,4,1,1,1
606,1,1,1,1,4,4,0,4,1,0,0,3,3,1,1,1,1,2,2,4
607,1,1,1,1,4,4,0,4,1,1,1,1,1,1,1,1,1,3,3,4
608,1,1,1,1,1,1,0,1,2,2,2,1,1,4,4,4,4,3,3,1
609,2,2,2,2,0,0,0,1,1,1,1,1,1,3,3,3,3,1,1,0
610,4,4,4,4,0,0,0,1,1,0,0,3,3,1,1,1,1,0,0,0
611,1,1,1,1,0,0,0,1,1,1,1,3,3,1,1,1,1,0,0,0
612,1,1,1,1,1,1,0,1,1,1,1,1,1,1,1,1,1,3,3,1
613,2,2,2,2,1,1,0,1,4,4,4,1,1,1,1,1,1,3,3,1
614,1,1,1,1,2,2,0,2,1,1,1,1,1,4,4,4,4,3,3,2
615,2,2,2,2,4,4,0,4,1,1,1,3,3,1,1,1,1,1,1,4
616,1,1,1,1,1,1,0,1,1,1,1,4,4,2,2,2,2,3,3,1
617,1,1,1,1,3,3,0,3,2,2,2,4,4,1,1,1,1,1,1,3
618,3,3,3,3,2,2,0,2,1,1,1,1,1,4,4,4,4,1,1,2
619,4,4,4,4,2,2,0,2,1,1,1,1,1,1,0,0,0,1,1,2
620,1,1,1,1,1,1,0,1,2,2,2,4,4,1,1,1,1,1,1,1
621,3,3,3,3,2,2,0,2,4,4,4,1,1,1,1,1,1,1,1,2
622,1,1,1,1,4,4,0,4,1,1,1,2,2,1,1,1,1,3,3,4
623,3,3,3,3,0,0,0,1,1,1,1,1,1,1,1,1,1,0,0,0
624,1,1,1,1,1,1,0,1,1,1,1,4,4,1,1,1,1,1,1,1
625,1,1,1,1,1,1,0,1,1,1,1,4,4,2,2,2,2,3,3,1
626,4,4,4,4,1,1,0,1,2,2,2,1,1,3,3,3,3,1,1,1
627,3,3,3,3,4,4,0,4,1,1,1,1,1,1,1,1,1,2,2,4
628,1,0,0,0,3,3,0,3,1,1,1,4,4,2,2,2,2,1,1,3
629,1,1,1,1,0,0,0,1,4,4,4,3,3,2,2,2,2,1,1,0
630,1,1,1,1,2,2,0,2,1,1,1,1,1,4,4,4,4,3,3,2
631,1,0,0,0,1,1,0,1,2,2,2,1,1,1,1,1,1,4,4,1
632,1,1,1,1,0,0,0,1,1,1,1,2,2,4,4,4,4,0,0,0
633,1,1,1,1,3,3,0,3,1,1,1,4,4,2,2,2,2,1,1,3
634,1,1,1,1,1,1,0,1,1,1,1,1,1,2,2,2,2,3,3,1
635,1,1,1,1,4,4,0,4,1,1,1,1,1,2,2,2,2,3,3,4
636,2,2,2,2,1,1,0,1,4,4,4,3,3,1,0,0,0,1,1,1
637,4,4,4,4,1,1,0,1,3,3,3,2,2,1,1,1,1,1,1,1
638,1,1,1,1,0,0,0,1,1,1,1,1,1,1,1,1,1,3,3,0
639,1,1,1,1,1,1,0,1,2,2,2,1,1,4,4,4,4,3,3,1
640,1,1,1,1,2,2,0,2,1,1,1,3,3,4,4,4,4,0,0,2
641,2,2,2,2,1,1,0,1,4,4,4,1,1,1,1,1,1,3,3,1
642,1,1,1,1,3,3,0,3,1,1,1,2,2,4,4,4,4,1,1,3
643,1,0,0,0,3,3,0,3,1,1,1,2,2,4,4,4,4,1,1,3
644,1,1,1,1,1,1,0,1,2,2,2,3,3,4,4,4,4,1,1,1
645,1,1,1,1,1,1,0,1,1,1,1,1,1,1,1,1,1,1,1,1
646,1,1,1,1,1,1,0,1,2,2,2,4,4,3,3,3,3,1,1,1
647,4,4,4,4,2,2,0,2,3,3,3,1,1,1,1,1,1,0,0,2
648,2,2,2,2,4,4,0,4,1,1,1,3,3,1,1,1,1,1,1,4
649,3,3,3,3,1,1,0,1,2,2,2,4,4,1,1,1,1,1,1,1
650,1,1,1,1,2,2,0,2,4,4,4,1,1,1,1,1,1,1,1,2
651,2,2,2,2,1,1,0,1,1,1,1,1,1,1,1,1,1,4,4,1
652,1,1,1,1,1,1,0,1,1,1,1,2,2,1,1,1,1,1,1,1
653,4,4,4,4,1,1,0,1,1,1,1,2,2,3,3,3,3,1,1,1
654,1,1,1,1,2,2,0,2,1,1,1,3,3,1,1,1,1,4,4,2
655,1,1,1,1,1,1,0,1,4,4,4,1,1,1,1,1,1,3,3,1
656,4,4,4,4,3,3,0,3,2,2,2,1,1,1,1,1,1,1,1,3
657,3,3,3,3,1,1,0,1,2,2,2,1,1,4,4,4,4,1,1,1
658,2,2,2,2,1,1,0,1,3,3,3,1,1,4,4,4,4,1,1,1
659,2,2,2,2,1,1,0,1,3,3,3,1,1,4,4,4,4,1,1,1
660,3,3,3,3,1,1,0,1,1,1,1,1,1,2,2,2,2,4,4,1
661,1,0,0,0,4,4,0,4,3,3,3,0,0,1,1,1,1,1,1,4
662,2,2,2,2,1,1,0,1,1,1,1,3,3,1,1,1,1,1,1,1
663,1,1,1,1,0,0,0,1,1,1,1,1,1,1,1,1,1,4,4,0
664,1,1,1,1,3,3,0,3,1,1,1,1,1,4,4,4,4,2,2,3
665,1,0,0,0,1,1,0,1,3,3,3,2,2,1,1,1,1,0,0,1
666,2,2,2,2,1,1,0,1,1,0,0,1,1,3,3,3,3,4,4,1
667,1,1,1,1,1,1,0,1,1,1,1,2,2,4,4,4,4,1,1,1
668,4,4,4,4,1,1,0,1,1,1,1,2,2,1,1,1,1,3,3,1
669,1,1,1,1,3,3,0,3,4,4,4,2,2,1,1,1,1,1,1,3
670,2,2,2,2,1,1,0,1,1,1,1,4,4,1,1,1,1,3,3,1
671,1,1,1,1,3,3,0,3,2,2,2,0,0,4,4,4,4,1,1,3
672,1,1,1,1,0,0,0,1,3,3,3,2,2,4,4,4,4,1,1,0
673,1,1,1,1,2,2,0,2,3,3,3,1,1,4,4,4,4,1,1,2
674,1,1,1,1,2,2,0,2,1,1,1,1,1,3,3,3,3,4,4,2
675,1,1,1,1,0,0,0,1,2,2,2,4,4,1,1,1,1,0,0,0
676,1,1,1,1,0,0,0,1,2,2,2,1,1,3,3,3,3,4,4,0
677,1,1,1,1,4,4,0,4,1,1,1,3,3,2,2,2,2,1,1,4
678,4,4,4,4,1,1,0,1,1,1,1,1,1,1,1,1,1,2,2,1
679,3,3,3,3,1,1,0,1,1,1,1,1,1,4,4,4,4,1,1,1
680,1,1,1,1,4,4,0,4,2,2,2,1,1,1,1,1,1,1,1,4
681,1,0,0,0,1,1,0,1,4,4,4,1,1,3,3,3,3,2,2,1
682,1,1,1,1,1,1,0,1,3,3,3,1,1,4,4,4,4,1,1,1
683,1,1,1,1,1,1,0,1,1,1,1,3,3,4,4,4,4,2,2,1
684,4,4,4,4,0,0,0,1,3,3,3,2,2,1,1,1,1,0,0,0
685,1,1,1,1,3,3,0,3,4,4,4,2,2,1,1,1,1,1,1,3
686,1,1,1,1,0,0,0,1,1,0,0,1,1,3,3,3,3,1,1,0
687,1,1,1,1,1,1,0,1,2,2,2,1,1,4,4,4,4,1,1,1
688,1,1,1,1,0,0,0,1,3,3,3,1,1,1,0,0,0,1,1,0
689,3,3,3,3,1,1,0,1,1,1,1,0,0,1,1,1,1,0,0,1
690,2,2,2,2,1,1,0,1,4,4,4,3,3,1,1,1,1,1,1,1
691,1,0,0,0,0,0,0,1,1,1,1,3,3,1,1,1,1,2,2,0
692,3,3,3,3,1,1,0,1,1,0,0,1,1,2,2,2,2,4,4,1
693,1,1,1,1,1,1,0,1,1,1,1,4,4,2,2,2,2,3,3,1
694,4,4,4,4,1,1,0,1,1,1,1,3,3,2,2,2,2,1,1,1
695,4,4,4,4,1,1,0,1,3,3,3,1,1,2,2,2,2,1,1,1
696,2,2,2,2,1,1,0,1,1,0,0,1,1,1,1,1,1,0,0,1
697,1,1,1,1,2,2,0,2,3,3,3,1,1,1,1,1,1,4,4,2
698,2,2,2,2,3,3,0,3,1,1,1,4,4,1,1,1,1,1,1,3
699,1,1,1,1,1,1,0,1,3,3,3,1,1,2,2,2,2,4,4,1
700,1,1,1,1,1,1,0,1,3,3,3,2,2,4,4,4,4,1,1,1
701,4,4,4,4,3,3,0,3,1,1,1,2,2,1,1,1,1,1,1,3
702,1,1,1,1,0,0,0,1,4,4,4,1,1,2,2,2,2,1,1,0
703,1,1,1,1,1,1,0,1,3,3,3,1,1,4,4,4,4,2,2,1
704,4,4,4,4,1,1,0,1,2,2,2,3,3,1,1,1,1,1,1,1
705,4,4,4,4,1,1,0,1,3,3,3,2,2,1,1,1,1,1,1,1
706,1,1,1,1,2,2,0,2,1,1,1,3,3,4,4,4,4,1,1,2
707,1,1,1,1,3,3,0,3,1,1,1,4,4,2,2,2,2,1,1,3
708,1,1,1,1,2,2,0,2,1,1,1,3,3,1,1,1,1,4,4,2
709,1,1,1,1,1,1,0,1,1,1,1,1,1,1,0,0,0,1,1,1
710,3,3,3,3,1,1,0,1,4,4,4,2,2,1,1,1,1,1,1,1
711,4,4,4,4,1,1,0,1,1,1,1,1,1,1,1,1,1,3,3,1
712,3,3,3,3,4,4,0,4,1,1,1,1,1,1,1,1,1,2,2,4
713,4,4,4,4,1,1,0,1,1,1,1,2,2,3,3,3,3,1,1,1
714,1,1,1,1,3,3,0,3,1,1,1,2,2,1,1,1,1,4,4,3
715,2,2,2,2,0,0,0,1,1,1,1,4,4,3,3,3,3,0,0,0
716,2,2,2,2,1,1,0,1,4,4,4,3,3,1,1,1,1,0,0,1
717,1,1,1,1,1,1,0,1,1,1,1,4,4,3,3,3,3,2,2,1
718,2,2,2,2,3,3,0,3,4,4,4,1,1,1,1,1,1,1,1,3
719,2,2,2,2,1,1,0,1,1,1,1,3,3,4,4,4,4,0,0,1
720,4,4,4,4,1,1,0,1,2,2,2,1,1,1,1,1,1,3,3,1
721,1,1,1,1,1,1,0,1,1,1,1,4,4,2,2,2,2,1,1,1
722,1,0,0,0,0,0,0,1,4,4,4,2,2,1,1,1,1,0,0,0
723,1,1,1,1,3,3,0,3,2,2,2,4,4,1,1,1,1,1,1,3
724,1,0,0,0,1,1,0,1,1,1,1,0,0,1,1,1,1,1,1,1
725,1,0,0,0,4,4,0,4,1,1,1,3,3,2,2,2,2,1,1,4
726,1,1,1,1,1,1,0,1,1,1,1,2,2,3,3,3,3,1,1,1
727,3,3,3,3,1,1,0,1,2,2,2,4,4,1,1,1,1,1,1,1
728,1,1,1,1,1,1,0,1,2,2,2,4,4,1,1,1,1,3,3,1
729,3,3,3,3,1,1,0,1,1,1,1,4,4,1,1,1,1,2,2,1
730,1,1,1,1,1,1,0,1,1,1,1,2,2,3,3,3,3,4,4,1
731,1,1,1,1,4,4,0,4,1,1,1,1,1,3,3,3,3,2,2,4
732,3,3,3,3,2,2,0,2,4,4,4,1,1,1,1,1,1,1,1,2
733,2,2,2,2,4,4,0,4,1,1,1,1,1,1,1,1,1,1,1,4
734,3,3,3,3,1,1,0,1,1,1,1,1,1,1,1,1,1,2,2,1
735,1,1,1,1,2,2,0,2,1,1,1,1,1,1,0,0,0,1,1,2
736,4,4,4,4,3,3,0,3,1,1,1,1,1,2,2,2,2,1,1,3
737,3,3,3,3,4,4,0,4,1,1,1,2,2,1,1,1,1,1,1,4
738,3,3,3,3,4,4,0,4,1,1,1,1,1,2,2,2,2,1,1,4
739,1,0,0,0,1,1,0,1,4,4,4,2,2,1,1,1,1,0,0,1
740,1,1,1,1,1,1,0,1,1,1,1,1,1,3,3,3,3,1,1,1
741,1,1,1,1,3,3,0,3,1,1,1,1,1,2,2,2,2,4,4,3
742,3,3,3,3,1,1,0,1,1,0,0,2,2,1,0,0,0,1,1,1
743,1,1,1,1,4,4,0,4,2,2,2,0,0,1,1,1,1,3,3,4
744,4,4,4,4,1,1,0,1,1,1,1,1,1,1,0,0,0,1,1,1
745,4,4,4,4,1,1,0,1,3,3,3,1,1,1,1,1,1,2,2,1
746,2,2,2,2,1,1,0,1,1,1,1,3,3,1,1,1,1,4,4,1
747,1,0,0,0,4,4,0,4,1,1,1,1,1,1,1,1,1,3,3,4
748,4,4,4,4,2,2,0,2,1,1,1,3,3,1,1,1,1,1,1,2
749,4,4,4,4,2,2,0,2,1,1,1,1,1,1,1,1,1,3,3,2
750,2,2,2,2,1,1,0,1,4,4,4,1,1,1,1,1,1,3,3,1
751,1,1,1,1,1,1,0,1,1,1,1,3,3,1,0,0,0,1,1,1
752,1,1,1,1,4,4,0,4,1,1,1,1,1,1,1,1,1,1,1,4
753,3,3,3,3,1,1,0,1,1,1,1,4,4,1,1,1,1,1,1,1
754,1,1,1,1,3,3,0,3,1,1,1,2,2,4,4,4,4,1,1,3
755,3,3,3,3,1,1,0,1,1,1,1,1,1,4,4,4,4,2,2,1
756,1,1,1,1,2,2,0,2,3,3,3,1,1,4,4,4,4,1,1,2
757,1,1,1,1,1,1,0,1,1,1,1,0,0,1,1,1,1,1,1,1
758,1,0,0,0,1,1,0,1,4,4,4,2,2,3,3,3,3,1,1,1
759,3,3,3,3,1,1,0,1,1,0,0,1,1,1,1,1,1,4,4,1
760,1,1,1,1,4,4,0,4,2,2,2,1,1,1,1,1,1,3,3,4
761,1,1,1,1,1,1,0,1,2,2,2,1,1,4,4,4,4,3,3,1
762,4,4,4,4,1,1,0,1,1,1,1,2,2,3,3,3,3,1,1,1
763,3,3,3,3,4,4,0,4,2,2,2,1,1,1,1,1,1,1,1,4
764,1,0,0,0,0,0,0,1,1,0,0,4,4,3,3,3,3,2,2,0
765,3,3,3,3,4,4,0,4,1,1,1,1,1,2,2,2,2,1,1,4
766,1,1,1,1,2,2,0,2,1,1,1,1,1,1,1,1,1,4,4,2
767,3,3,3,3,4,4,0,4,2,2,2,1,1,1,1,1,1,0,0,4
768,1,1,1,1,2,2,0,2,3,3,3,1,1,1,1,1,1,4,4,2
769,1,1,1,1,1,1,0,1,3,3,3,4,4,1,1,1,1,2,2,1
770,1,0,0,0,2,2,0,2,1,1,1,1,1,4,4,4,4,1,1,2
771,2,2,2,2,4,4,0,4,1,1,1,3,3,1,1,1,1,1,1,4
772,1,0,0,0,1,1,0,1,2,2,2,1,1,4,4,4,4,1,1,1
773,4,4,4,4,3,3,0,3,2,2,2,0,0,1,1,1,1,0,0,3
774,2,2,2,2,1,1,0,1,1,1,1,1,1,1,1,1,1,4,4,1
775,2,2,2,2,1,1,0,1,1,1,1,4,4,1,1,1,1,3,3,1
776,1,1,1,1,1,1,0,1,1,0,0,1,1,4,4,4,4,2,2,1
777,1,1,1,1,3,3,0,3,4,4,4,2,2,1,1,1,1,1,1,3
778,1,1,1,1,4,4,0,4,1,1,1,1,1,2,2,2,2,0,0,4
779,1,1,1,1,1,1,0,1,2,2,2,4,4,3,3,3,3,1,1,1
780,2,2,2,2,1,1,0,1,1,1,1,4,4,1,1,1,1,3,3,1
781,1,1,1,1,4,4,0,4,3,3,3,1,1,1,1,1,1,2,2,4
782,1,1,1,1,1,1,0,1,4,4,4,1,1,2,2,2,2,1,1,1
783,1,1,1,1,1,1,0,1,4,4,4,0,0,1,1,1,1,1,1,1
784,1,1,1,1,1,1,0,1,3,3,3,1,1,1,1,1,1,4,4,1
785,1,1,1,1,4,4,0,4,3,3,3,2,2,1,1,1,1,1,1,4
786,1,1,1,1,2,2,0,2,3,3,3,4,4,1,1,1,1,1,1,2
787,1,0,0,0,1,1,0,1,4,4,4,3,3,1,1,1,1,1,1,1
788,1,1,1,1,1,1,0,1,3,3,3,2,2,4,4,4,4,1,1,1
789,2,2,2,2,1,1,0,1,1,1,1,1,1,4,4,4,4,3,3,1
790,3,3,3,3,4,4,0,4,2,2,2,0,0,1,0,0,0,1,1,4
791,2,2,2,2,4,4,0,4,1,1,1,1,1,1,1,1,1,3,3,4
792,3,3,3,3,2,2,0,2,1,1,1,4,4,1,1,1,1,1,1,2
793,1,1,1,1,2,2,0,2,4,4,4,3,3,1,1,1,1,1,1,2
794,1,1,1,1,1,1,0,1,3,3,3,1,1,4,4,4,4,2,2,1
795,1,1,1,1,3,3,0,3,1,1,1,2,2,1,1,1,1,4,4,3
796,2,2,2,2,1,1,0,1,1,1,1,1,1,4,4,4,4,3,3,1
797,1,1,1,1,1,1,0,1,1,1,1,1,1,1,1,1,1,1,1,1
798,3,3,3,3,1,1,0,1,2,2,2,4,4,1,0,0,0,1,1,1
799,3,3,3,3,4,4,0,4,1,0,0,1,1,1,1,1,1,1,1,4
800,3,3,3,3,4,4,0,4,1,1,1,1,1,1,1,1,1,1,1,4
801,3,3,3,3,1,1,0,1,1,1,1,2,2,1,0,0,0,4,4,1
802,1,1,1,1,1,1,0,1,4,4,4,1,1,2,2,2,2,3,3,1
803,4,4,4,4,3,3,0,3,1,1,1,1,1,1,1,1,1,2,2,3
804,1,1,1,1,1,1,0,1,1,1,1,3,3,4,4,4,4,1,1,1
805,1,1,1,1,4,4,0,4,3,3,3,2,2,1,1,1,1,1,1,4
806,1,1,1,1,1,1,0,1,3,3,3,4,4,2,2,2,2,1,1,1
807,1,1,1,1,4,4,0,4,2,2,2,0,0,1,1,1,1,3,3,4
808,2,2,2,2,1,1,0,1,3,3,3,1,1,1,1,1,1,0,0,1
809,4,4,4,4,2,2,0,2,1,1,1,1,1,3,3,3,3,1,1,2
810,1,0,0,0,1,1,0,1,1,1,1,1,1,3,3,3,3,1,1,1
811,4,4,4,4,1,1,0,1,3,3,3,1,1,2,2,2,2,1,1,1
812,1,0,0,0,2,2,0,2,4,4,4,0,0,1,1,1,1,1,1,2
813,4,4,4,4,0,0,0,1,1,1,1,3,3,1,1,1,1,2,2,0
814,2,2,2,2,4,4,0,4,3,3,3,1,1,1,1,1,1,0,0,4
815,1,1,1,1,4,4,0,4,1,1,1,3,3,1,1,1,1,2,2,4
816,4,4,4,4,1,1,0,1,1,1,1,1,1,1,1,1,1,3,3,1
817,1,1,1,1,4,4,0,4,3,3,3,1,1,1,0,0,0,2,2,4
818,4,4,4,4,1,1,0,1,1,1,1,2,2,3,3,3,3,1,1,1
819,4,4,4,4,1,1,0,1,1,1,1,1,1,3,3,3,3,2,2,1
820,4,4,4,4,1,1,0,1,1,0,0,1,1,1,1,1,1,3,3,1
821,1,1,1,1,1,1,0,1,2,2,2,1,1,1,0,0,0,4,4,1
822,4,4,4,4,3,3,0,3,2,2,2,1,1,1,1,1,1,0,0,3
823,4,4,4,4,1,1,0,1,2,2,2,3,3,1,1,1,1,0,0,1
824,4,4,4,4,3,3,0,3,2,2,2,1,1,1,1,1,1,1,1,3
825,1,1,1,1,1,1,0,1,1,1,1,3,3,4,4,4,4,1,1,1
826,4,4,4,4,1,1,0,1,2,2,2,1,1,1,1,1,1,3,3,1
827,1,1,1,1,3,3,0,3,1,1,1,2,2,4,4,4,4,1,1,3
828,4,4,4,4,1,1,0,1,1,1,1,1,1,2,2,2,2,3,3,1
829,3,3,3,3,0,0,0,1,1,0,0,4,4,1,0,0,0,2,2,0
830,1,0,0,0,1,1,0,1,4,4,4,1,1,3,3,3,3,2,2,1
831,1,1,1,1,1,1,0,1,1,1,1,2,2,4,4,4,4,1,1,1
832,3,3,3,3,1,1,0,1,1,1,1,2,2,4,4,4,4,1,1,1
833,3,3,3,3,0,0,0,1,4,4,4,1,1,2,2,2,2,1,1,0
834,1,1,1,1,0,0,0,1,2,2,2,1,1,4,4,4,4,3,3,0
835,1,1,1,1,1,1,0,1,4,4,4,2,2,1,1,1,1,3,3,1
836,3,3,3,3,1,1,0,1,1,1,1,4,4,2,2,2,2,1,1,1
837,1,1,1,1,1,1,0,1,1,0,0,1,1,4,4,4,4,0,0,1
838,1,1,1,1,0,0,0,1,1,1,1,1,1,3,3,3,3,4,4,0
839,1,1,1,1,3,3,0,3,2,2,2,4,4,1,0,0,0,0,0,3
840,3,3,3,3,1,1,0,1,2,2,2,1,1,4,4,4,4,1,1,1
841,4,4,4,4,1,1,0,1,1,1,1,2,2,3,3,3,3,1,1,1
842,1,1,1,1,4,4,0,4,2,2,2,3,3,1,1,1,1,1,1,4
843,2,2,2,2,0,0,0,1,1,1,1,1,1,4,4,4,4,1,1,0
844,3,3,3,3,2,2,0,2,1,0,0,1,1,4,4,4,4,0,0,2
845,1,1,1,1,0,0,0,1,1,1,1,1,1,2,2,2,2,1,1,0
846,2,2,2,2,1,1,0,1,1,0,0,1,1,4,4,4,4,3,3,1
847,4,4,4,4,1,1,0,1,2,2,2,3,3,1,1,1,1,0,0,1
848,1,1,1,1,2,2,0,2,3,3,3,4,4,1,1,1,1,1,1,2
849,1,1,1,1,1,1,0,1,2,2,2,4,4,3,3,3,3,1,1,1
850,1,0,0,0,3,3,0,3,1,1,1,1,1,1,1,1,1,1,1,3
851,1,1,1,1,2,2,0,2,1,1,1,3,3,1,1,1,1,4,4,2
852,1,1,1,1,1,1,0,1,3,3,3,1,1,2,2,2,2,1,1,1
853,1,1,1,1,1,1,0,1,4,4,4,2,2,3,3,3,3,1,1,1
854,1,1,1,1,1,1,0,1,3,3,3,1,1,1,1,1,1,1,1,1
855,1,0,0,0,3,3,0,3,2,2,2,1,1,1,1,1,1,4,4,3
856,1,1,1,1,1,1,0,1,1,1,1,4,4,3,3,3,3,2,2,1
857,1,1,1,1,3,3,0,3,1,1,1,1,1,1,1,1,1,4,4,3
858,4,4,4,4,1,1,0,1,1,1,1,2,2,1,1,1,1,3,3,1
859,1,1,1,1,1,1,0,1,2,2,2,1,1,3,3,3,3,1,1,1
860,3,3,3,3,1,1,0,1,1,1,1,4,4,2,2,2,2,1,1,1
861,1,1,1,1,0,0,0,1,1,1,1,4,4,1,1,1,1,0,0,0
862,2,2,2,2,1,1,0,1,1,1,1,4,4,1,1,1,1,3,3,1
863,4,4,4,4,1,1,0,1,3,3,3,1,1,2,2,2,2,0,0,1
864,1,0,0,0,1,1,0,1,4,4,4,0,0,2,2,2,2,1,1,1
865,3,3,3,3,2,2,0,2,1,1,1,1,1,4,4,4,4,1,1,2
866,1,1,1,1,4,4,0,4,1,1,1,3,3,1,1,1,1,2,2,4
867,2,2,2,2,0,0,0,1,1,1,1,1,1,1,1,1,1,0,0,0
868,3,3,3,3,4,4,0,4,1,1,1,1,1,2,2,2,2,1,1,4
869,1,1,1,1,1,1,0,1,1,1,1,1,1,2,2,2,2,1,1,1
870,4,4,4,4,1,1,0,1,3,3,3,2,2,1,1,1,1,1,1,1
871,3,3,3,3,1,1,0,1,1,1,1,2,2,4,4,4,4,1,1,1
872,1,1,1,1,1,1,0,1,1,1,1,3,3,1,1,1,1,1,1,1
873,3,3,3,3,1,1,0,1,1,1,1,4,4,2,2,2,2,1,1,1
874,1,1,1,1,4,4,0,4,1,1,1,0,0,1,0,0,0,2,2,4
875,3,3,3,3,2,2,0,2,1,1,1,1,1,1,1,1,1,1,1,2
876,2,2,2,2,1,1,0,1,1,1,1,3,3,4,4,4,4,1,1,1
877,3,3,3,3,4,4,0,4,2,2,2,1,1,1,1,1,1,1,1,4
878,1,1,1,1,1,1,0,1,1,1,1,2,2,1,0,0,0,3,3,1
879,3,3,3,3,1,1,0,1,1,1,1,2,2,1,0,0,0,1,1,1
880,3,3,3,3,1,1,0,1,4,4,4,1,1,1,1,1,1,2,2,1
881,4,4,4,4,0,0,0,1,1,1,1,0,0,2,2,2,2,0,0,0
882,1,1,1,1,4,4,0,4,1,1,1,2,2,1,1,1,1,3,3,4
883,3,3,3,3,1,1,0,1,1,1,1,2,2,1,1,1,1,1,1,1
884,1,0,0,0,0,0,0,1,3,3,3,4,4,2,2,2,2,1,1,0
885,4,4,4,4,1,1,0,1,1,1,1,3,3,1,1,1,1,2,2,1
886,1,0,0,0,1,1,0,1,1,1,1,1,1,4,4,4,4,2,2,1
887,2,2,2,2,0,0,0,1,4,4,4,3,3,1,1,1,1,0,0,0
888,1,1,1,1,1,1,0,1,1,0,0,1,1,3,3,3,3,4,4,1
889,1,1,1,1,1,1,0,1,4,4,4,2,2,3,3,3,3,1,1,1
890,3,3,3,3,2,2,0,2,1,1,1,1,1,1,1,1,1,4,4,2
891,4,4,4,4,1,1,0,1,1,1,1,1,1,2,2,2,2,1,1,1
892,4,4,4,4,1,1,0,1,1,1,1,1,1,3,3,3,3,0,0,1
893,1,1,1,1,1,1,0,1,4,4,4,2,2,1,1,1,1,3,3,1
894,1,1,1,1,3,3,0,3,4,4,4,2,2,1,1,1,1,0,0,3
895,4,4,4,4,1,1,0,1,2,2,2,1,1,1,1,1,1,3,3,1
896,4,4,4,4,1,1,0,1,1,1,1,2,2,3,3,3,3,1,1,1
897,2,2,2,2,1,1,0,1,1,1,1,4,4,1,1,1,1,3,3,1
898,1,1,1,1,1,1,0,1,3,3,3,2,2,1,0,0,0,1,1,1
899,1,1,1,1,3,3,0,3,1,1,1,2,2,4,4,4,4,1,1,3
900,1,1,1,1,2,2,0,2,1,1,1,3,3,1,1,1,1,4,4,2
901,3,3,3,3,2,2,0,2,1,1,1,4,4,1,1,1,1,1,1,2
902,1,1,1,1,4,4,0,4,1,1,1,1,1,3,3,3,3,2,2,4
903,1,1,1,1,1,1,0,1,1,1,1,1,1,1,1,1,1,1,1,1
904,1,1,1,1,1,1,0,1,2,2,2,1,1,3,3,3,3,4,4,1
905,1,1,1,1,1,1,0,1,3,3,3,1,1,4,4,4,4,2,2,1
906,1,1,1,1,3,3,0,3,1,1,1,4,4,2,2,2,2,1,1,3
907,4,4,4,4,3,3,0,3,1,1,1,1,1,1,1,1,1,2,2,3
908,2,2,2,2,3,3,0,3,1,1,1,1,1,1,0,0,0,0,0,3
909,1,1,1,1,2,2,0,2,1,1,1,1,1,3,3,3,3,4,4,2
910,4,4,4,4,1,1,0,1,2,2,2,3,3,1,1,1,1,1,1,1
911,2,2,2,2,4,4,0,4,1,1,1,3,3,1,1,1,1,1,1,4
912,4,4,4,4,1,1,0,1,1,1,1,2,2,3,3,3,3,1,1,1
913,1,1,1,1,1,1,0,1,3,3,3,1,1,1,1,1,1,2,2,1
914,2,2,2,2,3,3,0,3,4,4,4,1,1,1,1,1,1,1,1,3
915,1,1,1,1,1,1,0,1,1,1,1,2,2,3,3,3,3,1,1,1
916,2,2,2,2,1,1,0,1,3,3,3,1,1,1,1,1,1,4,4,1
917,1,1,1,1,1,1,0,1,1,1,1,3,3,1,1,1,1,4,4,1
918,1,1,1,1,1,1,0,1,3,3,3,1,1,4,4,4,4,2,2,1
919,1,1,1,1,1,1,0,1,1,0,0,1,1,3,3,3,3,0,0,1
920,4,4,4,4,0,0,0,1,1,1,1,1,1,3,3,3,3,1,1,0
921,4,4,4,4,2,2,0,2,1,1,1,3,3,1,1,1,1,1,1,2
922,1,0,0,0,1,1,0,1,1,0,0,1,1,2,2,2,2,1,1,1
923,1,1,1,1,1,1,0,1,1,1,1,4,4,2,2,2,2,1,1,1
924,1,1,1,1,1,1,0,1,3,3,3,1,1,4,4,4,4,2,2,1
925,4,4,4,4,1,1,0,1,1,1,1,1,1,2,2,2,2,1,1,1
926,3,3,3,3,1,1,0,1,1,1,1,1,1,4,4,4,4,2,2,1
927,3,3,3,3,1,1,0,1,1,1,1,4,4,2,2,2,2,1,1,1
928,1,1,1,1,0,0,0,1,1,1,1,1,1,4,4,4,4,3,3,0
929,1,0,0,0,0,0,0,1,1,1,1,2,2,4,4,4,4,0,0,0
930,2,2,2,2,4,4,0,4,3,3,3,1,1,1,1,1,1,1,1,4
931,2,2,2,2,0,0,0,1,1,1,1,1,1,3,3,3,3,1,1,0
932,3,3,3,3,1,1,0,1,1,1,1,1,1,2,2,2,2,4,4,1
933,3,3,3,3,2,2,0,2,4,4,4,1,1,1,1,1,1,1,1,2
934,1,1,1,1,1,1,0,1,1,1,1,1,1,4,4,4,4,3,3,1
935,1,1,1,1,2,2,0,2,1,1,1,3,3,4,4,4,4,1,1,2
936,3,3,3,3,0,0,0,1,2,2,2,4,4,1,1,1,1,1,1,0
937,1,0,0,0,1,1,0,1,3,3,3,1,1,1,0,0,0,4,4,1
938,1,1,1,1,1,1,0,1,3,3,3,4,4,2,2,2,2,1,1,1
939,1,1,1,1,1,1,0,1,3,3,3,1,1,2,2,2,2,4,4,1
940,3,3,3,3,1,1,0,1,1,1,1,2,2,1,1,1,1,1,1,1
941,3,3,3,3,1,1,0,1,1,1,1,1,1,1,1,1,1,1,1,1
942,4,4,4,4,3,3,0,3,1,1,1,1,1,2,2,2,2,1,1,3
943,1,1,1,1,1,1,0,1,1,1,1,2,2,1,1,1,1,1,1,1
944,1,1,1,1,1,1,0,1,1,0,0,0,0,3,3,3,3,1,1,1
945,3,3,3,3,4,4,0,4,1,1,1,1,1,1,1,1,1,2,2,4
946,4,4,4,4,1,1,0,1,3,3,3,1,1,1,1,1,1,2,2,1
947,4,4,4,4,1,1,0,1,2,2,2,3,3,1,1,1,1,1,1,1
948,1,1,1,1,0,0,0,1,1,1,1,0,0,3,3,3,3,0,0,0
949,1,0,0,0,1,1,0,1,1,1,1,3,3,4,4,4,4,1,1,1
950,2,2,2,2,1,1,0,1,4,4,4,1,1,1,1,1,1,3,3,1
951,3,3,3,3,1,1,0,1,1,1,1,2,2,1,1,1,1,1,1,1
952,1,0,0,0,0,0,0,1,1,1,1,3,3,2,2,2,2,0,0,0
953,2,2,2,2,1,1,0,1,1,1,1,4,4,3,3,3,3,1,1,1
954,1,1,1,1,4,4,0,4,1,1,1,3,3,1,1,1,1,2,2,4
955,1,1,1,1,1,1,0,1,2,2,2,1,1,4,4,4,4,3,3,1
956,1,1,1,1,1,1,0,1,1,1,1,0,0,3,3,3,3,2,2,1
957,3,3,3,3,1,1,0,1,4,4,4,1,1,1,1,1,1,1,1,1
958,2,2,2,2,4,4,0,4,1,1,1,1,1,3,3,3,3,1,1,4
959,2,2,2,2,1,1,0,1,1,0,0,1,1,1,1,1,1,1,1,1
960,3,3,3,3,1,1,0,1,1,1,1,4,4,2,2,2,2,1,1,1
961,3,3,3,3,1,1,0,1,2,2,2,1,1,4,4,4,4,1,1,1
962,4,4,4,4,1,1,0,1,1,1,1,3,3,2,2,2,2,1,1,1
963,1,1,1,1,2,2,0,2,4,4,4,1,1,1,1,1,1,1,1,2
964,1,1,1,1,1,1,0,1,1,0,0,1,1,3,3,3,3,4,4,1
965,2,2,2,2,1,1,0,1,4,4,4,1,1,1,1,1,1,3,3,1
966,4,4,4,4,3,3,0,3,1,1,1,1,1,2,2,2,2,1,1,3
967,1,1,1,1,4,4,0,4,1,1,1,3,3,1,1,1,1,2,2,4
968,2,2,2,2,1,1,0,1,3,3,3,4,4,1,1,1,1,1,1,1
969,4,4,4,4,1,1,0,1,3,3,3,1,1,2,2,2,2,1,1,1
970,1,1,1,1,1,1,0,1,1,1,1,1,1,2,2,2,2,1,1,1
971,2,2,2,2,0,0,0,1,3,3,3,4,4,1,0,0,0,0,0,0
972,1,1,1,1,4,4,0,4,3,3,3,2,2,1,1,1,1,1,1,4
973,1,1,1,1,3,3,0,3,1,0,0,4,4,2,2,2,2,1,1,3
974,1,1,1,1,4,4,0,4,1,1,1,1,1,3,3,3,3,2,2,4
975,1,1,1,1,4,4,0,4,1,1,1,1,1,1,0,0,0,3,3,4
976,2,2,2,2,1,1,0,1,3,3,3,1,1,1,1,1,1,4,4,1
977,2,2,2,2,4,4,0,4,3,3,3,1,1,1,1,1,1,1,1,4
978,3,3,3,3,1,1,0,1,4,4,4,2,2,1,0,0,0,1,1,1
979,4,4,4,4,1,1,0,1,2,2,2,1,1,1,1,1,1,1,1,1
980,1,1,1,1,2,2,0,2,1,1,1,3,3,4,4,4,4,1,1,2
981,1,1,1,1,3,3,0,3,2,2,2,0,0,1,1,1,1,1,1,3
982,1,1,1,1,4,4,0,4,1,1,1,1,1,3,3,3,3,2,2,4
983,1,1,1,1,0,0,0,1,1,1,1,0,0,2,2,2,2,1,1,0
984,2,2,2,2,0,0,0,1,1,1,1,4,4,1,0,0,0,3,3,0
985,1,1,1,1,1,1,0,1,1,1,1,4,4,3,3,3,3,2,2,1
986,2,2,2,2,1,1,0,1,1,1,1,3,3,1,1,1,1,4,4,1
987,2,2,2,2,1,1,0,1,1,1,1,4,4,3,3,3,3,0,0,1
988,1,1,1,1,3,3,0,3,1,1,1,2,2,1,1,1,1,4,4,3
989,2,2,2,2,1,1,0,1,3,3,3,1,1,4,4,4,4,1,1,1
990,1,0,0,0,2,2,0,2,4,4,4,3,3,1,1,1,1,1,1,2
991,1,1,1,1,2,2,0,2,1,1,1,3,3,4,4,4,4,1,1,2
992,4,4,4,4,1,1,0,1,2,2,2,1,1,1,1,1,1,3,3,1
993,2,2,2,2,1,1,0,1,1,0,0,4,4,1,1,1,1,1,1,1
994,1,1,1,1,1,1,0,1,2,2,2,3,3,4,4,4,4,1,1,1
995,4,4,4,4,1,1,0,1,2,2,2,3,3,1,1,1,1,1,1,1
996,1,1,1,1,1,1,0,1,4,4,4,2,2,1,1,1,1,3,3,1
997,1,1,1,1,2,2,0,2,1,1,1,1,1,1,1,1,1,1,1,2
998,3,3,3,3,0,0,0,1,1,1,1,4,4,1,1,1,1,1,1,0
999,3,3,3,3,1,1,0,1,1,1,1,1,1,4,4,4,4,1,1,1
1000,1,1,1,1,1,1,0,1,1,1,1,3,3,2,2,2,2,1,1,1
